name,min,max,mean,stddev,median,iqr,outliers,ops,rounds,iterations
edgeseraser/tests/test_fast_math.py::test_gamma_numba,0.09817572600150015,0.11375930000212975,0.102827874601644,0.006233361480491189,0.10033942999871215,0.0049038402539736126,1;1,9.724989492139247,5,1
edgeseraser/tests/test_fast_math.py::test_gamma_scipy,0.2197017189973849,0.23548124799708603,0.22985855219885706,0.006851943171517466,0.23397898399707628,0.010305041252649971,1;0,4.350501603851015,5,1
edgeseraser/tests/test_fast_math.py::test_gamma_scipy,0.23970551499951398,0.27174230400123633,0.25189356499904536,0.012102224272688923,0.24932460599666229,0.013180600246414542,2;0,3.969930712615822,5,1
edgeseraser/tests/test_fast_math.py::test_gamma_numba,0.520252245994925,0.6156961800006684,0.5668499103994691,0.034296538031744296,0.5701366819994291,0.03555649399822869,2;0,1.764135411603545,5,1
